<assembly xmlns="http://maven.apache.org/plugins/maven-assembly-plugin/assembly/1.1.2"
          xmlns:xsi="http://www.w3.org/2001/XMLSchema-instance"
          xsi:schemaLocation="http://maven.apache.org/plugins/maven-assembly-plugin/assembly/1.1.2 http://maven.apache.org/xsd/assembly-1.1.2.xsd">
  <id>libext</id>
  <includeBaseDirectory>false</includeBaseDirectory>
  <formats>
    <!--<format>tar.gz</format>-->
    <!--<format>tar.bz2</format>-->
    <format>zip</format>
  </formats>
  <fileSets>
    <fileSet>
      <directory>${project.build.directory}/libext</directory>
      <outputDirectory>libext</outputDirectory>
    </fileSet>
  </fileSets>
  <!--<dependencySets>-->
    <!--<dependencySet>-->
      <!--<unpack>false</unpack>-->

    <!--</dependencySet>-->
  <!--</dependencySets>-->
</assembly>
